{
  "protocol": "chainlink",
  "category": "Oracle",
  "eqs": {
    "score": 90.22,
    "components": {
      "stability": 86.02149629156577,
      "diversification": 66.90370826491197,
      "magnitude": 100
    }
  },
  "revenue": {
    "sources": {
      "automation": 65326.42687327729,
      "ccip": 75257.5047921389,
      "fm": 2199732.3881992646,
      "ocr": 3152587.491741491,
      "vrf": 20580.17782983342
    },
    "volatility": {
      "average": -0.13978503708434226,
      "median": -0.0714810907692749,
      "std_dev": 0.14355334293938748,
      "max": -0.009000770194336972,
      "min": -0.3413237038918349
    }
  }
}